{"color":{"r":0.2470588235294118,"b":0.7098039215686275,"g":0.3176470588235292,"a":1},"name":"Indigo","category":"Colors","index":4}