{"color":{"r":0.4745098039215686,"b":0.2823529411764706,"g":0.3333333333333333,"a":1},"name":"Brown","category":"Colors","index":16}