{"color":{"r":0.5450980392156861,"b":0.2901960784313725,"g":0.7647058823529411,"a":1},"name":"Light Green","category":"Colors","index":10}