{"color":{"r":0.803921568627451,"b":0.8235294117647058,"g":0.807843137254902,"a":1},"index":4,"category":"Colors"}