{"color":{"r":0.803921568627451,"b":0.8235294117647058,"g":0.807843137254902,"a":1},"index":4,"parentId":"0AE11EAB-178A-4253-9A6C-D2D8D553AFD1","version":1}