{"color":{"r":0.4039215686274511,"b":0.7176470588235294,"g":0.2274509803921568,"a":1},"name":"Deep Purple","category":"Colors","index":3}