{"color":{"r":1,"b":0.02745098039215688,"g":0.7568627450980392,"a":1},"name":"Amber","category":"Colors","index":13}