{"color":{"r":0.9137254901960784,"b":0.3882352941176472,"g":0.1176470588235295,"a":1},"name":"Pink","category":"Colors","index":1}