{"color":{"r":0.6196078431372549,"b":0.6196078431372549,"g":0.6196078431372549,"a":1},"name":"Grey","category":"Colors","index":17}