{"color":{"r":0.9568627450980391,"b":0.2117647058823529,"g":0.2627450980392156,"a":1},"name":"Red","category":"Colors","index":0}