{"color":{"r":0.3450980392156863,"b":0.8392156862745098,"g":0.3372549019607843,"a":1},"index":9,"parentId":"0AE11EAB-178A-4253-9A6C-D2D8D553AFD1","version":1}