{"color":{"r":0.3450980392156863,"b":0.8392156862745098,"g":0.3372549019607843,"a":1},"index":9,"category":"Colors"}