{"color":{"r":1,"b":0.3333333333333336,"g":0.1764705882352942,"a":1},"index":8,"parentId":"0AE11EAB-178A-4253-9A6C-D2D8D553AFD1","version":1}