{"color":{"r":1,"b":0.3333333333333336,"g":0.1764705882352942,"a":1},"index":8,"category":"Colors"}