{"color":{"r":0.3529411764705882,"b":0.9803921568627451,"g":0.7843137254901961,"a":1},"index":10,"category":"Colors"}