{"color":{"r":0.6117647058823528,"b":0.6901960784313725,"g":0.1529411764705882,"a":1},"name":"Purple","category":"Colors","index":2}