{"color":{"r":0.5490196078431373,"b":0.5490196078431373,"g":0.5490196078431373,"a":1},"index":2,"category":"Colors"}