{"color":{"r":0.5490196078431373,"b":0.5490196078431373,"g":0.5490196078431373,"a":1},"index":2,"parentId":"0AE11EAB-178A-4253-9A6C-D2D8D553AFD1","version":1}