{"color":{"r":0.2980392156862745,"b":0.3137254901960785,"g":0.6862745098039216,"a":1},"name":"Green","category":"Colors","index":9}