{"color":{"r":0.3764705882352941,"b":0.5450980392156862,"g":0.4901960784313725,"a":1},"name":"Blue Grey","category":"Colors","index":18}