{"color":{"r":0.6745098039215687,"b":0.6745098039215687,"g":0.6745098039215687,"a":1},"index":3,"category":"Colors"}