{"color":{"r":0.6745098039215687,"b":0.6745098039215687,"g":0.6745098039215687,"a":1},"index":3,"parentId":"0AE11EAB-178A-4253-9A6C-D2D8D553AFD1","version":1}