{"color":{"r":0.9372549019607843,"b":0.9568627450980391,"g":0.9372549019607843,"a":1},"index":5,"parentId":"0AE11EAB-178A-4253-9A6C-D2D8D553AFD1","version":1}