{"color":{"r":0.9372549019607843,"b":0.9568627450980391,"g":0.9372549019607843,"a":1},"index":5,"category":"Colors"}