{"color":{"r":0.1294117647058823,"b":0.9529411764705882,"g":0.5882352941176472,"a":1},"name":"Blue","category":"Colors","index":5}