{"color":{"r":0.9764705882352941,"b":0.9764705882352941,"g":0.9764705882352941,"a":1},"index":6,"parentId":"0AE11EAB-178A-4253-9A6C-D2D8D553AFD1","version":1}