{"color":{"r":0.9764705882352941,"b":0.9764705882352941,"g":0.9764705882352941,"a":1},"index":6,"category":"Colors"}