{"color":{"r":1,"b":0.1333333333333333,"g":0.3411764705882353,"a":1},"name":"Deep Orange","category":"Colors","index":15}