{"color":{"r":1,"b":0.2313725490196079,"g":0.9215686274509803,"a":1},"name":"Yellow","category":"Colors","index":12}