{"color":{"r":1,"b":0.1882352941176471,"g":0.2313725490196079,"a":1},"index":14,"parentId":"0AE11EAB-178A-4253-9A6C-D2D8D553AFD1","version":1}