{"color":{"r":1,"b":0.1882352941176471,"g":0.2313725490196079,"a":1},"index":14,"category":"Colors"}