{"color":{"r":0,"b":0.8313725490196078,"g":0.7372549019607842,"a":1},"name":"Cyan","category":"Colors","index":7}