{"color":{"r":0,"b":0.5333333333333334,"g":0.5882352941176471,"a":1},"name":"Teal","category":"Colors","index":8}