{"color":{"r":0.0117647058823529,"b":0.9568627450980391,"g":0.6627450980392159,"a":1},"name":"Light Blue","category":"Colors","index":6}