{"color":{"r":0.8039215686274511,"b":0.2235294117647058,"g":0.8627450980392157,"a":1},"name":"Lime","category":"Colors","index":11}