{"color":{"r":0.2980392156862745,"b":0.3921568627450981,"g":0.8509803921568627,"a":1},"index":11,"parentId":"0AE11EAB-178A-4253-9A6C-D2D8D553AFD1","version":1}