{"color":{"r":0.2980392156862745,"b":0.3921568627450981,"g":0.8509803921568627,"a":1},"index":11,"category":"Colors"}